song_id,pred_valence,pred_arousal
3,4.895544528961182,4.9201765060424805
20,5.007933139801025,5.084446907043457
24,5.266149044036865,5.424193382263184
41,5.248019695281982,5.373255729675293
45,5.9657721519470215,4.923018932342529
49,5.421960353851318,5.437990665435791
59,5.973729133605957,4.906186103820801
70,5.060949802398682,5.085254669189453
71,6.575677871704102,4.691346168518066
74,3.95210337638855,4.221624851226807
80,5.412403583526611,5.685738563537598
86,5.084414005279541,5.2247514724731445
87,5.9748945236206055,4.961027145385742
99,5.064931392669678,5.08970832824707
105,5.393980026245117,5.558828353881836
114,4.9468092918396,4.659510612487793
115,5.498406887054443,5.689359664916992
119,4.777559280395508,4.798376083374023
134,4.672491550445557,4.590662479400635
154,5.03040075302124,4.909449100494385
160,4.857430458068848,4.582531452178955
163,4.817657947540283,4.9333600997924805
164,4.422835826873779,4.478180885314941
185,3.499894857406616,3.7040767669677734
190,4.548295974731445,4.420770168304443
197,4.661037445068359,4.398008346557617
208,5.241459369659424,5.441219329833984
211,4.8778395652771,4.822064399719238
220,4.5398850440979,4.835328102111816
221,4.611483097076416,4.255341529846191
228,5.086418628692627,5.163820743560791
231,4.705739498138428,4.464524269104004
238,5.018509864807129,4.783092021942139
241,5.0362138748168945,5.108077049255371
244,4.756943225860596,4.745912075042725
248,5.176268100738525,5.304420471191406
280,4.949653625488281,4.9651007652282715
289,4.698780059814453,4.732089996337891
299,5.482297420501709,5.2644782066345215
308,5.4264020919799805,5.5113654136657715
313,5.366794586181641,5.492669582366943
319,4.540290832519531,4.660081386566162
328,5.596892833709717,5.275494575500488
339,5.441082000732422,5.197662353515625
352,5.592282772064209,5.667969703674316
354,5.696633815765381,5.456544876098633
359,4.163652420043945,4.097218036651611
370,4.81754732131958,5.068545818328857
399,5.6435065269470215,5.436398506164551
408,6.080241680145264,4.863038539886475
425,5.343510150909424,5.578518867492676
427,5.452657699584961,5.479071140289307
430,5.481240749359131,5.414578437805176
437,5.352118015289307,5.498569488525391
440,5.755773067474365,5.130824089050293
448,5.661275386810303,5.356841087341309
464,5.746535301208496,5.300859451293945
480,4.781805515289307,4.752370834350586
489,4.985519886016846,5.027757167816162
496,4.296536445617676,4.532609462738037
497,5.114800453186035,5.497810363769531
521,4.6836724281311035,4.350039005279541
524,4.775252819061279,4.637810707092285
525,4.601430416107178,4.469971656799316
530,5.177023410797119,5.311461925506592
536,4.857466220855713,5.06766414642334
537,4.826424598693848,4.5560197830200195
547,4.643680095672607,4.762067794799805
560,4.518887996673584,4.608436107635498
561,4.8137640953063965,4.794607162475586
568,4.80823278427124,4.5997209548950195
584,4.674206256866455,4.401686191558838
585,5.56586217880249,5.400783538818359
592,4.8491997718811035,4.826374530792236
616,4.61146879196167,4.767264366149902
631,5.533810138702393,5.064862251281738
632,5.256845474243164,5.262327194213867
638,3.7994606494903564,3.706118106842041
645,5.138499736785889,5.21407413482666
650,5.273427486419678,5.4189910888671875
652,5.20711088180542,5.356083869934082
668,5.214654445648193,5.435894012451172
676,5.208465099334717,5.359709739685059
686,4.590906620025635,4.560931205749512
711,4.761099338531494,4.937097549438477
713,5.194239139556885,5.382607460021973
723,5.377050876617432,5.453073501586914
733,5.087535858154297,5.204229354858398
735,4.865236759185791,4.873491287231445
736,3.8346409797668457,3.787559747695923
739,4.645481586456299,4.805980205535889
759,5.765368461608887,5.191654205322266
775,5.153954982757568,5.329154968261719
795,3.964905023574829,3.8811352252960205
796,5.251501083374023,5.4102020263671875
806,5.638804912567139,5.3614983558654785
814,6.171931743621826,4.946905136108398
818,5.409476280212402,5.685699939727783
823,4.768660545349121,4.719339370727539
841,4.712584018707275,4.676285743713379
851,5.319290637969971,5.248796463012695
854,4.720870494842529,4.795200824737549
858,4.742741107940674,5.108896732330322
860,5.263844966888428,5.271371841430664
867,5.296028137207031,5.391822814941406
869,4.404058933258057,4.619121551513672
874,5.7494025230407715,5.027604103088379
879,5.7029595375061035,5.1267595291137695
882,5.010107040405273,4.994411468505859
892,4.803806781768799,4.688501834869385
893,5.790611743927002,5.092397689819336
941,5.797186851501465,5.179110527038574
944,4.843539714813232,4.82935905456543
952,4.694738388061523,4.651642799377441
955,5.1434526443481445,5.341277122497559
959,5.576237678527832,5.152827262878418
983,5.382109642028809,5.535951614379883
990,5.533595561981201,5.537374496459961
993,5.741980075836182,5.279024124145508
1015,4.447862148284912,4.004105567932129
1022,4.281907081604004,3.9605417251586914
1026,4.981764316558838,4.747857093811035
1044,4.841651439666748,4.500634670257568
1049,5.190638065338135,5.178617477416992
1051,5.250597953796387,5.1997199058532715
1054,5.215699672698975,5.259177207946777
1058,5.233451843261719,5.289047718048096
1061,5.1836700439453125,5.166163921356201
1063,5.207311630249023,5.207420825958252
1064,5.1107964515686035,5.041754722595215
1069,4.664473056793213,4.33661413192749
1074,4.593693256378174,4.404162883758545
1075,4.745138645172119,4.58825159072876
1077,4.620713710784912,5.05731725692749
1078,4.549458026885986,4.637345790863037
1094,4.402964115142822,4.521642684936523
1116,3.479691982269287,3.5345096588134766
1128,4.622580051422119,4.210420608520508
1129,4.9935431480407715,4.759737014770508
1143,4.600035190582275,4.158171653747559
1145,3.692396640777588,3.654496669769287
1149,4.47768497467041,4.052438735961914
1151,5.164947032928467,5.096770763397217
1155,4.058669567108154,3.97072696685791
1174,4.498430252075195,4.045894145965576
1182,4.68757438659668,4.309040069580078
1183,4.982443332672119,4.771246910095215
1185,4.9332356452941895,4.684440612792969
1191,4.619717121124268,4.16826868057251
1192,5.2570881843566895,5.2271623611450195
1204,5.175135612487793,5.0688042640686035
1206,5.107893943786621,4.954512596130371
1227,5.202113628387451,5.122343063354492
1229,4.761528968811035,4.405020713806152
1233,5.1042022705078125,4.94797420501709
1236,5.192501544952393,5.082930088043213
1243,5.191667079925537,5.213187217712402
1253,4.367445945739746,3.8900394439697266
1255,4.5584397315979,4.092142105102539
1274,5.055230140686035,4.871642589569092
1280,4.6288981437683105,4.347221374511719
1285,5.197667598724365,5.26806640625
1286,4.977502346038818,4.704309463500977
1287,4.053122043609619,3.6706080436706543
1292,5.2404961585998535,5.259902477264404
1296,4.753281593322754,4.378819465637207
1297,4.606200695037842,4.295864582061768
1309,5.234496593475342,5.233312606811523
1311,4.73604154586792,4.419017791748047
1315,5.186680316925049,5.083825588226318
1325,4.693116664886475,4.3647918701171875
1326,4.789726734161377,5.015106201171875
1330,5.188629627227783,5.2732744216918945
1343,4.912890434265137,4.6271772384643555
1353,5.259182453155518,5.240869522094727
1354,4.957520484924316,4.82523250579834
1357,5.128183364868164,4.98177433013916
1361,4.838157653808594,4.559552192687988
1366,4.821822643280029,4.695552349090576
1372,4.739309310913086,4.445431709289551
1376,5.120100021362305,4.957967758178711
1384,5.172408103942871,5.051858901977539
1400,5.187547206878662,5.2884931564331055
1401,4.984114170074463,4.7432780265808105
1404,3.726907730102539,3.7660560607910156
1405,3.5755980014801025,3.7652273178100586
1410,4.492641925811768,4.030122756958008
1418,4.344442844390869,3.8397090435028076
1430,4.8000264167785645,4.533483982086182
1473,4.764469146728516,4.711482524871826
1474,5.212752819061279,5.126278877258301
1483,4.604940891265869,4.276206970214844
1491,5.1635870933532715,5.040339469909668
1496,4.879927635192871,4.571962356567383
1498,5.142693996429443,4.989006996154785
1501,4.954348087310791,4.666348934173584
1517,4.487679958343506,4.680479049682617
1520,5.168005466461182,5.032936096191406
1525,5.184840679168701,5.066483497619629
1526,5.1045145988464355,4.915574073791504
1530,4.3729939460754395,4.664194107055664
1535,4.7991108894348145,4.474560260772705
1541,5.02821683883667,4.795311450958252
1561,5.247671127319336,5.174705982208252
1573,5.06910514831543,4.87349796295166
1583,5.055217266082764,4.83995246887207
1618,5.218219757080078,5.143295764923096
1620,5.092189311981201,4.922885894775391
1622,4.659221172332764,4.217357158660889
1630,4.7991743087768555,4.494932651519775
1632,4.766646385192871,4.384777069091797
1636,5.016923427581787,4.839583396911621
1641,5.241502285003662,5.294320106506348
1652,4.933523178100586,4.639983177185059
1661,5.1990485191345215,5.136307716369629
1668,4.892841815948486,4.604727268218994
1670,5.145961284637451,4.993045806884766
1671,4.717000484466553,4.318442344665527
1684,5.177934646606445,5.131314277648926
1693,5.066068172454834,4.878883361816406
1694,4.713630199432373,4.350008010864258
1698,4.950068473815918,4.683210372924805
1710,4.439716815948486,4.057106971740723
1713,5.160012722015381,5.04484748840332
1715,5.257783889770508,5.223582744598389
1723,4.350521564483643,4.237526893615723
1733,4.225272178649902,3.7467851638793945
1736,4.870461463928223,4.533175468444824
1738,4.344330310821533,4.013785362243652
1755,4.899119853973389,4.576564311981201
1761,4.862172603607178,4.5281171798706055
1768,4.625589847564697,4.236598968505859
1771,5.191497802734375,5.309885025024414
1773,4.716002941131592,4.395608901977539
1776,4.188784122467041,3.791461706161499
1798,5.1564154624938965,5.0176262855529785
1807,5.183369159698486,5.055956840515137
1814,5.04754114151001,4.840240955352783
1815,5.2272233963012695,5.130643367767334
1825,4.98124885559082,4.7523298263549805
1832,5.0648417472839355,5.092158317565918
1844,4.979986667633057,4.73646879196167
1869,4.916490077972412,4.60441780090332
1872,5.230780124664307,5.170285224914551
1878,4.665948390960693,4.510623931884766
1888,4.48344612121582,4.115459442138672
1891,4.887111186981201,4.632002830505371
1898,4.498917102813721,4.040083885192871
1908,4.9774909019470215,4.726923942565918
1919,5.186479091644287,5.242001056671143
1928,4.950317859649658,4.718883991241455
1929,5.175141334533691,5.087214469909668
1935,4.719257831573486,4.305375576019287
1937,4.860774993896484,4.520277976989746
1944,4.015289783477783,3.7079737186431885
1946,5.186398983001709,5.334287643432617
1961,5.127218246459961,5.034726142883301
1965,4.150993347167969,3.8046438694000244
1968,4.93917179107666,4.675116062164307
1979,5.112916946411133,4.963253021240234
1981,5.155312538146973,5.033857345581055
1993,5.157555103302002,5.033909797668457
1994,5.034425258636475,4.925047397613525
2005,4.521895885467529,4.548076629638672
2013,5.065394878387451,5.481607437133789
2016,5.470721244812012,5.699012756347656
2021,4.966327667236328,5.050329208374023
2025,5.150908946990967,5.205070972442627
2046,4.8518385887146,4.8095808029174805
2052,5.2165093421936035,5.396581649780273
2053,4.500107288360596,4.323106288909912
2,4.924589157104492,4.857207298278809
4,5.379014492034912,5.5444512367248535
10,4.523196220397949,4.4953413009643555
12,5.644779682159424,5.55496072769165
13,5.07766580581665,5.199583053588867
17,5.484205722808838,5.507410526275635
18,4.713716983795166,4.418320655822754
19,5.5019707679748535,5.395538330078125
21,5.4527668952941895,5.521811485290527
22,4.927153587341309,4.966772556304932
25,5.182016849517822,5.32059907913208
32,5.585423469543457,5.460668563842773
35,5.179096698760986,5.280946254730225
37,5.193424701690674,5.339051723480225
40,4.705638408660889,4.776053428649902
42,5.1996893882751465,5.345090866088867
43,6.337254524230957,4.860166549682617
44,5.014776706695557,5.027040958404541
46,4.925893783569336,4.907754421234131
47,5.072139263153076,5.160103797912598
48,4.865874767303467,4.958576679229736
50,4.665024280548096,4.960331916809082
51,5.135013103485107,5.250578880310059
52,6.215274333953857,4.81865119934082
53,4.740758419036865,4.7068328857421875
54,5.114012241363525,5.1413164138793945
55,4.928276062011719,5.0663628578186035
62,5.145074367523193,5.105341911315918
64,4.981729030609131,5.033160209655762
65,4.85284423828125,4.880881309509277
67,4.9839253425598145,5.083033561706543
68,5.072051525115967,5.110729217529297
69,3.6580090522766113,3.6362109184265137
72,5.557737827301025,5.284328460693359
73,5.2929816246032715,5.454204559326172
76,5.8976149559021,5.078693389892578
77,5.763327121734619,5.0751237869262695
78,4.575623035430908,4.644658088684082
79,4.712544918060303,4.627623558044434
81,6.0818867683410645,4.885120868682861
82,5.163175106048584,5.259524345397949
83,4.351075649261475,3.975660800933838
84,5.193004131317139,5.342411041259766
85,4.815279960632324,4.7904744148254395
88,5.672515869140625,5.316343307495117
89,4.835269927978516,4.909546852111816
90,5.150759696960449,5.59994649887085
92,6.2930006980896,4.745842456817627
93,5.230405330657959,5.405189514160156
95,3.7835886478424072,3.6817121505737305
96,4.474863052368164,4.168385982513428
98,5.235091686248779,5.38869571685791
101,3.345752239227295,3.617316246032715
103,5.9489970207214355,4.94877815246582
104,5.641944885253906,5.096128940582275
106,5.132222652435303,5.240955829620361
107,5.6130242347717285,5.0349321365356445
108,4.61305046081543,4.6799468994140625
109,6.186683177947998,4.911443710327148
110,6.197387218475342,4.797920227050781
111,4.281408786773682,4.043460845947266
112,5.471023082733154,5.356823921203613
113,5.3887248039245605,5.4726457595825195
116,5.722227573394775,5.599905967712402
117,3.9373152256011963,3.980597972869873
118,4.943047046661377,4.747441291809082
121,4.3378424644470215,4.372054100036621
123,5.017460346221924,5.12625789642334
124,5.495671272277832,5.533163070678711
125,5.520854473114014,5.3249101638793945
126,5.174177169799805,5.288056373596191
127,4.444044589996338,3.9942150115966797
128,5.100306034088135,5.1691365242004395
129,5.145683765411377,5.228453636169434
130,3.97564959526062,4.470221519470215
135,3.4544332027435303,3.6024858951568604
136,5.360360622406006,5.519102096557617
137,3.1005475521087646,3.7276551723480225
138,4.741726398468018,4.5179338455200195
140,5.0223069190979,5.173642158508301
142,4.765137672424316,4.483226776123047
143,3.3381948471069336,3.524165630340576
145,4.474935531616211,4.536572456359863
146,4.104091167449951,4.276488780975342
148,5.598158359527588,5.2476701736450195
149,4.090946674346924,4.19481086730957
150,4.950496196746826,5.19693660736084
151,4.470648288726807,4.558526039123535
152,4.867081165313721,4.779448509216309
153,4.55446195602417,4.703788757324219
155,5.081673622131348,5.277770042419434
156,5.063168048858643,5.168147563934326
157,4.20274019241333,4.034440994262695
159,3.835101842880249,3.7645392417907715
161,3.7199149131774902,3.845391273498535
166,5.485384941101074,5.740056991577148
167,4.50663423538208,4.534414768218994
168,4.557704448699951,4.490779876708984
169,4.598762035369873,4.720648765563965
170,3.323664665222168,3.5717711448669434
171,3.8419439792633057,3.6800951957702637
172,5.183848857879639,5.323154449462891
173,4.566009044647217,4.54400634765625
175,4.546695709228516,4.692556381225586
176,4.972163677215576,5.090506553649902
177,4.997413158416748,5.092040538787842
178,3.978916883468628,3.6078648567199707
179,5.071213722229004,5.084218978881836
180,5.192762851715088,5.357586860656738
181,4.70460844039917,4.594874382019043
186,5.019681453704834,5.162792205810547
187,3.3638880252838135,3.5148444175720215
188,5.189328670501709,5.320801258087158
191,4.540346622467041,4.378170013427734
192,5.253142833709717,5.388276100158691
194,4.467458248138428,4.429883003234863
195,3.698403835296631,3.7014122009277344
196,4.932694911956787,5.006119728088379
198,4.438413143157959,4.310500621795654
199,3.8402929306030273,3.851128578186035
201,4.366713523864746,4.574620246887207
202,4.357734203338623,4.419591903686523
203,4.646948337554932,4.6862406730651855
204,4.597883701324463,4.612616539001465
205,4.495057106018066,4.477085590362549
206,3.1875686645507812,3.588583469390869
207,4.604163646697998,4.559013366699219
209,5.17770528793335,5.302626609802246
210,4.275432109832764,3.9590530395507812
213,3.5233614444732666,3.548619270324707
214,4.278431415557861,4.1944580078125
215,3.4026827812194824,3.664191246032715
216,4.236144542694092,3.956005096435547
217,4.155601501464844,4.552642822265625
218,4.850622177124023,4.951623439788818
219,5.253900527954102,5.409934043884277
222,4.600396156311035,4.539395332336426
223,4.70725154876709,4.600805759429932
224,5.181485652923584,5.333634376525879
226,4.466768741607666,4.852564811706543
227,4.355047702789307,4.59711217880249
229,5.366134166717529,5.550619602203369
232,3.3948376178741455,3.5356764793395996
233,4.987442493438721,4.976118087768555
234,4.309879779815674,4.543407440185547
235,4.797384262084961,4.686978816986084
236,3.2650368213653564,3.5777552127838135
237,4.893998622894287,5.086798667907715
239,4.599745273590088,4.564720153808594
240,5.39583683013916,5.740261077880859
242,4.839306354522705,4.688738822937012
243,4.902675151824951,5.02508544921875
245,4.0687947273254395,3.9876859188079834
246,4.9032416343688965,4.982054710388184
247,4.462587833404541,3.973111152648926
250,3.1929516792297363,3.534024477005005
253,6.143475532531738,4.8068437576293945
254,5.228317737579346,5.412238121032715
257,5.912458419799805,4.9560546875
258,4.918039798736572,4.954568862915039
260,4.627980709075928,4.482635498046875
262,4.390273094177246,4.532016754150391
264,3.916156768798828,3.7176156044006348
265,3.7453901767730713,3.698209762573242
266,5.2143425941467285,5.396184921264648
270,5.397533893585205,5.601539611816406
272,5.6222429275512695,6.080179214477539
273,4.834710597991943,4.677107810974121
274,5.306573390960693,5.58349609375
276,4.890042781829834,4.866936206817627
278,5.262648105621338,5.430370807647705
281,4.83320951461792,5.0458807945251465
282,4.730239391326904,4.551534652709961
284,5.265532493591309,5.421353340148926
285,4.898425579071045,4.809543609619141
286,4.840095043182373,4.74915885925293
288,5.5184245109558105,5.647818565368652
290,4.214687347412109,4.055256366729736
292,5.905130386352539,4.972478866577148
293,5.139894962310791,5.333196640014648
294,4.938087463378906,4.967762470245361
296,4.719624042510986,4.628412246704102
297,5.321439266204834,5.30919885635376
298,5.0164971351623535,5.092044830322266
300,5.119679927825928,5.2050461769104
301,4.919954776763916,5.000144004821777
302,4.996292591094971,5.201809406280518
304,3.980548620223999,3.903334617614746
306,5.305309772491455,5.402615070343018
307,4.462645053863525,4.224034786224365
309,5.29426908493042,5.4561944007873535
310,4.908595561981201,5.055965423583984
312,4.920319080352783,4.973052024841309
314,5.407614707946777,5.206901550292969
316,4.979158878326416,5.016846656799316
317,5.430755615234375,5.456326961517334
318,5.327083110809326,5.48347806930542
320,5.881585597991943,4.977013111114502
321,5.28141450881958,5.379966735839844
322,5.130147933959961,5.49580192565918
323,4.52201509475708,4.5593156814575195
324,4.940756797790527,5.04298210144043
325,5.189642429351807,5.380124092102051
326,5.076056003570557,5.240939617156982
329,4.973892688751221,5.491177082061768
330,5.262715816497803,5.344840049743652
335,5.347065448760986,5.508632659912109
338,4.2094621658325195,4.096728324890137
340,3.3414504528045654,3.6113524436950684
341,4.378485679626465,4.208133697509766
342,5.435112953186035,5.551469326019287
343,5.39292573928833,5.289303779602051
344,5.221554756164551,5.254728317260742
345,5.915013790130615,5.106136322021484
349,5.164132118225098,5.311765670776367
350,5.467334270477295,5.252766132354736
353,4.58899450302124,4.247593879699707
355,4.764174461364746,4.875461578369141
356,5.7846598625183105,5.01755428314209
357,5.442230701446533,5.489396572113037
358,4.617101192474365,4.545517444610596
360,5.222294807434082,5.284951686859131
361,5.280745983123779,5.409502029418945
362,5.291456699371338,5.440314292907715
364,5.415605068206787,5.274902820587158
365,5.0408549308776855,5.095478534698486
366,5.451545238494873,5.394613265991211
368,4.494020938873291,4.494408130645752
369,4.825098991394043,4.955350875854492
371,4.9046807289123535,4.952798843383789
372,3.6844279766082764,3.582472324371338
374,5.713003635406494,5.0564680099487305
376,5.459823131561279,5.676166534423828
378,5.060152053833008,5.265963554382324
379,4.798079967498779,4.7903571128845215
380,5.902656555175781,4.980959892272949
381,5.48295259475708,5.838283538818359
383,5.674960613250732,5.406138896942139
384,5.828426837921143,5.127408981323242
386,5.502897262573242,5.491141319274902
387,5.078877925872803,5.256442070007324
390,5.606285095214844,5.599635601043701
391,5.5365471839904785,5.569901466369629
392,4.54076623916626,4.570759296417236
393,5.390425205230713,5.6779093742370605
395,5.214736461639404,5.5435872077941895
397,5.444995403289795,5.508615016937256
400,4.476741790771484,4.8279194831848145
401,5.074936389923096,5.184272766113281
402,5.42871618270874,5.599203109741211
406,5.0819783210754395,5.197741508483887
407,5.420444011688232,5.778819561004639
410,4.2899394035339355,4.21758508682251
415,5.8505072593688965,5.283879280090332
416,5.46140718460083,5.1115217208862305
419,4.63292121887207,4.529196262359619
420,5.113897800445557,5.275079727172852
422,3.5812394618988037,3.7754344940185547
423,6.496975421905518,4.701430320739746
428,5.241343975067139,5.532835006713867
429,4.538910388946533,4.14185905456543
431,5.514460563659668,5.371434211730957
432,5.422059059143066,5.232326984405518
435,4.939058780670166,5.545137405395508
441,5.04015588760376,5.139194488525391
442,5.218359470367432,5.415552139282227
444,4.8652472496032715,4.8546142578125
445,4.742512226104736,4.815556526184082
449,3.1026082038879395,3.6288328170776367
450,5.461837291717529,5.718538284301758
452,5.4012131690979,5.6460371017456055
453,5.378716945648193,5.250857353210449
454,5.042663097381592,5.08763313293457
455,5.603182315826416,5.353771209716797
458,4.797889709472656,4.8718414306640625
459,5.172183036804199,5.318632125854492
460,5.292405605316162,5.483921051025391
461,5.292302131652832,5.482147216796875
462,5.607909679412842,5.394942283630371
463,5.669870853424072,5.26845645904541
466,5.197741508483887,5.296816825866699
467,5.435430526733398,5.651252269744873
468,4.076990127563477,4.018230438232422
469,5.324049472808838,5.754266262054443
472,4.906797885894775,5.0525102615356445
473,5.617368221282959,5.111518859863281
475,5.72421407699585,5.235684394836426
477,5.561585903167725,5.8771491050720215
478,4.057093143463135,3.6439552307128906
479,5.429887294769287,5.751166343688965
481,5.080918312072754,4.910881996154785
482,3.9225497245788574,3.9393932819366455
484,5.1225905418396,5.469992637634277
486,6.020564556121826,4.948910713195801
488,3.262632131576538,3.512040853500366
490,4.156322956085205,4.360618591308594
492,5.213932991027832,5.364501953125
493,5.139542579650879,5.232263565063477
494,4.18161153793335,4.4652838706970215
499,5.317542552947998,5.3687214851379395
500,5.789954662322998,5.0998311042785645
503,5.176910877227783,5.281827926635742
504,4.4152727127075195,4.066498279571533
506,5.6368021965026855,5.434018135070801
512,3.41610050201416,3.5466623306274414
513,4.017183303833008,3.886531352996826
514,5.29612398147583,5.458427429199219
515,3.825449228286743,3.7211058139801025
518,4.834537029266357,4.803287982940674
519,6.2697367668151855,4.773975849151611
520,5.072080612182617,5.22614860534668
522,4.61580753326416,4.7308149337768555
523,5.343955039978027,5.223678112030029
527,4.7722578048706055,4.754190921783447
529,5.085886478424072,5.122687816619873
535,5.0982346534729,5.223405361175537
544,5.348901271820068,5.289057731628418
550,5.2261738777160645,5.18255090713501
551,4.408285617828369,4.461546421051025
554,4.360279560089111,3.9783775806427
555,6.00519323348999,4.8780107498168945
558,4.39075231552124,4.741089820861816
565,4.896145343780518,4.646207809448242
574,5.051477909088135,5.153502464294434
580,3.531796455383301,3.4906811714172363
581,5.45956563949585,5.564937591552734
586,4.714680194854736,4.60813045501709
597,5.439407825469971,5.558117866516113
598,4.947902202606201,4.881453514099121
600,4.619461536407471,4.464113235473633
607,4.75961446762085,4.461603164672852
609,5.53056001663208,5.398983001708984
610,5.111706256866455,5.300998687744141
611,5.280231475830078,5.43681001663208
612,4.784636974334717,4.579901695251465
613,5.189465522766113,5.320109844207764
614,5.132064342498779,5.371233940124512
615,3.728039503097534,3.938840389251709
617,5.713548183441162,5.323171615600586
620,5.400493144989014,5.500527381896973
621,3.5075953006744385,3.49923038482666
623,4.784900188446045,4.637118816375732
625,3.824025869369507,3.6077511310577393
628,5.262675762176514,5.440525054931641
629,5.501317501068115,5.33666467666626
634,4.502415657043457,4.487081527709961
635,5.354039192199707,5.548961639404297
637,4.395138740539551,4.422989368438721
639,5.113672733306885,5.244146823883057
640,5.450636863708496,5.5332489013671875
643,4.744848728179932,5.054818153381348
644,4.6521897315979,4.5519304275512695
648,5.11209774017334,5.300730228424072
649,4.880795001983643,4.938002109527588
651,5.183988094329834,5.2553300857543945
653,5.593424320220947,5.162371635437012
654,5.32101583480835,5.534980297088623
657,5.299139499664307,5.368149757385254
658,4.837426662445068,4.85202693939209
660,4.656093120574951,4.325435161590576
661,3.115534782409668,3.777317762374878
662,5.017862796783447,5.1081719398498535
664,5.806365013122559,5.0812530517578125
665,5.199594497680664,5.274818420410156
667,4.407103538513184,4.461553573608398
671,4.05551290512085,4.043570041656494
672,4.697659969329834,4.7842302322387695
673,5.422370433807373,5.505036354064941
674,5.197972774505615,5.31200647354126
675,4.813255310058594,4.807186126708984
677,5.390645503997803,5.28835916519165
681,5.226203441619873,5.386388778686523
684,5.2854180335998535,5.327602386474609
685,3.621720314025879,3.717780590057373
687,5.121644020080566,5.217673301696777
688,5.213670253753662,5.885460376739502
689,5.505337715148926,5.648483753204346
691,5.335845470428467,5.487839698791504
692,5.282336711883545,5.43889045715332
693,5.406427383422852,5.539093017578125
696,4.931802272796631,5.279502868652344
697,5.163629055023193,5.2982177734375
698,4.933460712432861,4.825930595397949
699,4.997989177703857,5.055826187133789
700,4.868437767028809,4.9494194984436035
702,5.5291523933410645,5.2875261306762695
703,5.399843692779541,5.541775703430176
704,4.61831521987915,4.6818528175354
707,3.111877202987671,3.526557683944702
708,5.391019821166992,5.526294708251953
709,5.252860069274902,5.394115447998047
710,4.7427544593811035,4.763031005859375
712,4.409344673156738,4.65817928314209
714,5.09206485748291,5.268558979034424
715,4.762388229370117,4.552493095397949
717,4.007488250732422,4.021950721740723
718,4.913052082061768,4.980600357055664
719,5.548110485076904,5.548177719116211
722,4.931856632232666,4.9367547035217285
724,4.756913185119629,4.689119815826416
725,5.3752899169921875,5.50368595123291
727,4.722971439361572,4.89683198928833
731,4.913250923156738,4.9662766456604
734,5.1282734870910645,5.199775695800781
737,4.068868637084961,4.212504863739014
738,5.11664342880249,5.258222579956055
740,4.501857280731201,4.708881378173828
742,5.2164154052734375,5.408257007598877
743,5.09935998916626,5.061740875244141
744,5.142826080322266,5.291840553283691
745,4.857428073883057,4.906398773193359
746,5.274734020233154,5.427661895751953
747,3.8562071323394775,4.012508392333984
748,5.224303722381592,5.345146179199219
749,5.067569732666016,5.051665782928467
756,5.381229877471924,5.460511207580566
757,5.29984712600708,5.461303234100342
758,5.443103790283203,5.15645694732666
764,5.495772838592529,5.374402046203613
767,4.268560409545898,4.4321184158325195
769,5.306476593017578,5.542875289916992
773,5.078221797943115,5.110651969909668
776,4.935805797576904,4.809059143066406
777,5.418698787689209,5.272017478942871
779,5.3533711433410645,5.514811038970947
780,4.9449381828308105,4.650391578674316
781,4.804869174957275,4.802990436553955
782,5.793666362762451,5.060685157775879
787,5.768930912017822,5.049579620361328
789,5.299802303314209,5.370819091796875
790,5.879580020904541,5.271456718444824
791,3.4134349822998047,3.4500842094421387
797,5.790348529815674,5.102840423583984
800,5.1312103271484375,5.29997444152832
801,3.950352430343628,3.821593761444092
804,5.360870361328125,5.503840446472168
805,4.948024272918701,4.8728790283203125
808,4.573287487030029,4.433010101318359
810,6.5385823249816895,7.681611061096191
811,5.227570056915283,5.251349449157715
813,5.262091159820557,5.426314830780029
815,5.48203706741333,5.426589012145996
820,5.517608165740967,5.469699859619141
824,5.817549228668213,5.471321105957031
825,4.734638690948486,5.152421951293945
829,4.732161045074463,4.40440034866333
830,5.066592693328857,5.169046401977539
831,5.1336445808410645,5.291631698608398
833,5.102845668792725,5.198785781860352
834,5.306336402893066,5.495345115661621
836,5.1944260597229,5.346203327178955
839,4.202022075653076,4.183743476867676
844,4.955430507659912,4.980849266052246
845,4.727115154266357,4.464269638061523
846,5.726634502410889,5.091210842132568
848,3.6484482288360596,3.579789638519287
850,4.970491886138916,4.766340255737305
852,4.504421710968018,4.441291809082031
855,3.224642038345337,3.716423511505127
856,5.429471492767334,5.221822261810303
857,4.856504440307617,4.695586204528809
859,5.256441593170166,5.250853061676025
863,5.655358791351318,5.174825668334961
864,5.105466365814209,5.2050628662109375
865,4.052770614624023,3.775150775909424
866,4.750413417816162,5.075026988983154
871,5.921914577484131,4.963986396789551
872,4.395976543426514,4.189472198486328
873,4.867063045501709,5.069570064544678
876,5.5159592628479,5.95244026184082
886,5.412199020385742,5.196505546569824
887,5.309264183044434,5.475859642028809
890,4.7612481117248535,4.991035461425781
891,5.421807765960693,5.134986877441406
897,4.32286262512207,4.561911106109619
898,5.426172256469727,5.510744094848633
899,4.7791619300842285,4.783339023590088
902,5.916879177093506,4.930671215057373
903,4.941076755523682,4.8623223304748535
904,5.112785816192627,5.253543853759766
908,5.4406585693359375,5.546229362487793
909,5.184442043304443,5.544363975524902
910,5.451404571533203,5.745304107666016
911,4.880401134490967,4.548956394195557
913,5.484973430633545,5.385846138000488
915,5.407151699066162,5.472155570983887
921,5.306155204772949,5.467617034912109
924,5.289687156677246,5.544841766357422
925,5.251593112945557,5.408994674682617
928,4.707756042480469,4.4890851974487305
932,4.826779365539551,4.854216575622559
936,5.755041599273682,5.06314754486084
938,5.637234687805176,5.078686714172363
939,4.650462627410889,4.8197221755981445
942,4.917372226715088,4.988450050354004
949,5.4388508796691895,5.687882423400879
956,5.371860504150391,5.222319602966309
957,5.351385116577148,5.300545692443848
958,5.396174430847168,5.2071380615234375
960,5.89642858505249,5.072292327880859
961,5.060725688934326,5.22617244720459
962,4.825026035308838,4.768513202667236
964,5.3703155517578125,5.503615379333496
967,3.7825374603271484,3.7387876510620117
968,4.860172748565674,4.835722923278809
970,5.10972261428833,5.264441013336182
973,5.788176536560059,5.051390647888184
974,5.11264181137085,5.3035197257995605
977,5.732638835906982,5.030083656311035
979,5.023454189300537,5.136651992797852
981,5.7546257972717285,5.139467239379883
985,5.268141269683838,5.4206976890563965
986,5.320651531219482,5.477688789367676
987,5.33575439453125,5.321564197540283
989,5.330883502960205,5.196444511413574
994,5.743626117706299,5.252532005310059
995,4.785367488861084,4.523103713989258
996,5.360326766967773,5.558209419250488
997,5.468992710113525,5.437623023986816
999,5.171670436859131,5.287198543548584
1000,5.683898448944092,5.31807804107666
1001,4.744002342224121,4.4188642501831055
1002,4.398073673248291,4.432847023010254
1003,3.974853277206421,4.122453212738037
1005,4.942146301269531,4.685643196105957
1007,4.286998748779297,4.364344596862793
1008,4.354747295379639,4.252758026123047
1009,4.180912971496582,3.7418265342712402
1012,4.834482192993164,4.488986968994141
1013,4.8484039306640625,4.557290554046631
1014,5.166358470916748,5.0425286293029785
1017,3.9113030433654785,3.952406883239746
1018,4.124093532562256,3.921354293823242
1019,4.338756084442139,4.319291591644287
1020,4.582976818084717,4.151778221130371
1021,4.997091770172119,4.7433366775512695
1023,4.525383472442627,4.099078178405762
1024,4.925817489624023,4.682333946228027
1025,4.869769096374512,4.592072486877441
1027,5.042717933654785,4.916694641113281
1028,5.129566669464111,5.026216506958008
1030,4.711040496826172,4.433180809020996
1031,5.019704341888428,4.777066707611084
1032,4.535511016845703,4.155943393707275
1033,5.191397190093994,5.210451126098633
1034,4.559760093688965,4.140110492706299
1035,5.035206317901611,4.838179588317871
1036,4.422257423400879,3.967263698577881
1037,5.061883449554443,4.854254722595215
1039,4.829812526702881,4.492212295532227
1041,4.919374942779541,4.61068058013916
1042,4.829215049743652,4.619551658630371
1043,4.393187046051025,4.321267604827881
1045,4.7246174812316895,4.334909915924072
1046,4.966805458068848,4.690219402313232
1048,5.19291353225708,5.208227157592773
1053,5.24984073638916,5.2764363288879395
1057,5.228305339813232,5.2616472244262695
1062,4.0836920738220215,3.727867603302002
1065,5.165250778198242,5.378058910369873
1067,4.862843036651611,4.547006130218506
1068,5.242953777313232,5.246408462524414
1072,4.70402193069458,4.5451154708862305
1073,4.78052282333374,4.688017845153809
1076,4.560031890869141,4.832522392272949
1079,4.973276615142822,4.701516151428223
1080,4.564323902130127,4.653805255889893
1082,4.26132345199585,3.9568817615509033
1083,4.442059516906738,4.1575164794921875
1084,5.233147144317627,5.230963230133057
1085,4.628733158111572,4.428595066070557
1086,4.283314228057861,3.9953689575195312
1087,5.103918552398682,4.93079137802124
1088,5.007981300354004,4.775119781494141
1089,5.014333724975586,4.783463001251221
1091,4.703970432281494,4.555659294128418
1092,4.73667573928833,4.712306976318359
1093,5.202569484710693,5.1380534172058105
1095,4.953829288482666,4.705552577972412
1096,4.722824573516846,4.415575981140137
1097,4.928648471832275,4.72340202331543
1098,4.938749313354492,4.641736030578613
1099,5.13649320602417,5.0305986404418945
1100,5.237219333648682,5.240078926086426
1101,4.381455421447754,3.98360538482666
1102,3.3041322231292725,3.546359062194824
1103,3.9592854976654053,3.9268200397491455
1105,3.939399003982544,3.6384646892547607
1107,4.2569074630737305,3.7804980278015137
1108,4.317781448364258,3.8635518550872803
1109,3.529022693634033,3.6262929439544678
1110,5.20697021484375,5.092548370361328
1112,3.723497152328491,3.6942572593688965
1113,4.929906368255615,4.629372596740723
1114,4.624937534332275,4.293665409088135
1115,4.20596170425415,3.76749849319458
1117,5.079132556915283,4.9477081298828125
1118,4.05555534362793,3.7337899208068848
1121,4.237159252166748,3.7657485008239746
1122,5.145576000213623,5.011866092681885
1123,4.52081823348999,4.165964603424072
1124,5.013103008270264,4.7626142501831055
1125,5.135218143463135,4.998568058013916
1126,4.082995414733887,4.158390045166016
1127,3.90557599067688,3.670880079269409
1130,5.1617960929870605,5.083874702453613
1131,3.9833743572235107,3.6691908836364746
1133,4.601259708404541,4.179860591888428
1134,3.9270331859588623,4.010502815246582
1136,5.046360015869141,4.856680870056152
1137,4.387953281402588,4.322422981262207
1138,4.539621353149414,4.806084632873535
1139,4.059128284454346,3.673921823501587
1141,4.780204772949219,4.395998954772949
1142,3.745310068130493,3.8416354656219482
1146,4.199915885925293,3.967740058898926
1147,4.660327911376953,4.301084995269775
1148,4.104074478149414,3.6998653411865234
1150,4.00116491317749,3.7267990112304688
1152,4.787511825561523,4.4119367599487305
1153,4.411499500274658,3.912041187286377
1154,4.82060432434082,4.467103958129883
1156,4.770695209503174,4.396923542022705
1159,4.839946746826172,4.504870414733887
1160,4.964928150177002,4.686394691467285
1161,3.236262559890747,3.4613256454467773
1162,4.512596607208252,4.167348861694336
1163,4.7941718101501465,4.60441780090332
1164,5.123953819274902,4.979665279388428
1166,4.916121006011963,4.624757766723633
1168,3.840620756149292,3.634401321411133
1169,5.364161014556885,5.748812675476074
1170,3.842271566390991,3.583311080932617
1171,4.3524699211120605,3.8836026191711426
1172,4.400811195373535,4.189091205596924
1175,4.728447437286377,4.316132068634033
1177,4.912045001983643,4.597934246063232
1178,3.7133421897888184,3.5170481204986572
1179,5.134568214416504,4.997731685638428
1181,5.121096611022949,4.974089622497559
1184,4.031706809997559,3.761179208755493
1186,3.672184467315674,3.886096477508545
1187,3.8619821071624756,3.699897289276123
1188,4.647389888763428,4.249183654785156
1190,4.305521488189697,3.853386163711548
1193,4.684317111968994,4.268300533294678
1194,4.477229595184326,4.048303127288818
1195,4.056311130523682,4.069522857666016
1197,3.7844836711883545,3.6920127868652344
1198,4.1312384605407715,4.03381872177124
1199,4.8930230140686035,4.615851402282715
1200,5.041106700897217,4.831345558166504
1201,4.997692108154297,4.757752418518066
1202,4.123995780944824,3.9016761779785156
1203,5.144393444061279,4.995732307434082
1205,5.181854248046875,5.069001197814941
1207,4.056933879852295,3.898045539855957
1208,5.189026355743408,5.1493449211120605
1210,4.821557998657227,4.492452621459961
1211,5.172496318817139,5.064103603363037
1212,4.314273357391357,3.908252000808716
1213,4.889119625091553,4.600651741027832
1215,4.814699649810791,4.459583759307861
1217,4.789484024047852,4.445466995239258
1218,4.984268665313721,4.719468116760254
1219,4.834482669830322,4.491790771484375
1220,4.98121452331543,4.734167575836182
1221,4.77720308303833,4.426755905151367
1222,4.856947422027588,4.567477226257324
1223,4.796690464019775,4.427553176879883
1224,5.253870487213135,5.244946002960205
1225,5.199111461639404,5.222557544708252
1226,4.577961444854736,4.144549369812012
1228,4.8482208251953125,4.571688175201416
1231,5.103963851928711,4.975866794586182
1232,4.684951305389404,4.285132884979248
1234,4.2542643547058105,3.795804500579834
1235,5.180325984954834,5.1712141036987305
1238,5.1747565269470215,5.081691265106201
1239,5.206878185272217,5.130336761474609
1240,4.220016002655029,3.733476161956787
1241,4.750619411468506,4.393059730529785
1244,5.238463878631592,5.201284408569336
1245,5.078611850738525,4.891927242279053
1246,4.654126167297363,4.235530853271484
1247,5.178720951080322,5.153602600097656
1248,3.338836908340454,3.517817497253418
1249,5.189720630645752,5.104072570800781
1250,5.1860127449035645,5.206767559051514
1251,4.899611473083496,4.622690677642822
1252,4.837743282318115,4.5577006340026855
1254,4.767348289489746,4.565903663635254
1257,5.084887981414795,4.91229772567749
1258,4.903294086456299,4.583930492401123
1259,5.055911064147949,4.8552751541137695
1260,5.113011837005615,4.9632954597473145
1261,4.530124187469482,4.0610671043396
1262,4.8733601570129395,4.548641204833984
1263,5.1972270011901855,5.188415050506592
1264,4.566328525543213,4.116426467895508
1267,4.935856342315674,4.662642955780029
1268,5.153780460357666,5.023870468139648
1269,5.107365131378174,4.936581611633301
1270,5.1584978103637695,5.04097843170166
1271,5.195627212524414,5.191393852233887
1273,4.443258762359619,3.9490303993225098
1276,4.696836948394775,4.310622692108154
1277,5.153503894805908,5.016729354858398
1278,4.732326984405518,4.3300652503967285
1279,5.055546283721924,4.837608337402344
1281,5.004667282104492,4.798520088195801
1282,5.211578845977783,5.242832660675049
1283,4.662712097167969,4.323846817016602
1284,5.2480645179748535,5.19109582901001
1288,4.254798412322998,3.7714085578918457
1289,4.713716983795166,4.390985012054443
1290,5.07686185836792,4.90401554107666
1291,4.215786457061768,3.7287817001342773
1293,5.123534679412842,4.9718804359436035
1294,5.194786548614502,5.266670227050781
1295,5.213324069976807,5.163623332977295
1298,4.6129021644592285,4.160311698913574
1299,4.798338413238525,4.429022789001465
1302,4.991500377655029,4.7296953201293945
1304,4.794959545135498,4.6428728103637695
1305,5.239066123962402,5.235533237457275
1306,5.2447896003723145,5.2434282302856445
1307,5.136090278625488,4.9974365234375
1308,4.8527703285217285,5.1988444328308105
1310,4.707030773162842,4.284084320068359
1312,5.055427551269531,4.977592945098877
1313,5.136744022369385,4.976095199584961
1314,4.741469383239746,4.409845352172852
1316,4.679624080657959,4.556432723999023
1319,5.090573787689209,4.919766426086426
1320,5.193471908569336,5.316435813903809
1321,5.224606037139893,5.308985710144043
1322,4.39409065246582,3.9468631744384766
1323,5.227144241333008,5.147420883178711
1324,5.243379592895508,5.213459014892578
1327,5.202315807342529,5.0896077156066895
1328,5.167336940765381,5.102148056030273
1329,5.215038776397705,5.281968116760254
1331,4.693884372711182,4.263400077819824
1333,4.964048862457275,4.7730393409729
1334,5.0553154945373535,4.8697190284729
1335,5.1220245361328125,4.9462890625
1337,4.849977016448975,4.993964195251465
1338,4.9160919189453125,4.856019020080566
1339,5.083705425262451,4.916250228881836
1340,5.2588791847229,5.2071943283081055
1341,5.20317268371582,5.120006561279297
1342,5.221996784210205,5.143072128295898
1344,4.9435930252075195,4.741471290588379
1345,4.939568042755127,4.734924793243408
1347,5.077926158905029,4.908480644226074
1348,5.032969951629639,4.827955722808838
1349,5.199991703033447,5.237347602844238
1350,4.1753010749816895,3.7089738845825195
1351,5.247074127197266,5.182496070861816
1352,5.219658851623535,5.257757663726807
1355,4.99280309677124,4.776801586151123
1356,5.171794414520264,5.356668949127197
1358,4.877870082855225,4.6371660232543945
1359,4.973357677459717,4.761229515075684
1360,5.151068687438965,5.008344650268555
1362,5.008388042449951,4.811237335205078
1365,4.681651592254639,4.661830425262451
1368,5.097712993621826,4.961690902709961
1370,4.582425594329834,4.355995178222656
1371,4.931769847869873,4.6312255859375
1373,4.938408851623535,4.645665168762207
1374,5.216311454772949,5.126910209655762
1375,5.151810169219971,5.294494152069092
1377,4.616901397705078,4.239750862121582
1378,5.245826244354248,5.199831962585449
1379,5.118157863616943,4.966875076293945
1380,4.33319616317749,4.093205451965332
1381,5.217905521392822,5.278536796569824
1382,5.058642864227295,4.855064392089844
1383,5.241153240203857,5.199413776397705
1385,5.215425968170166,5.181480884552002
1386,5.193118572235107,5.3022966384887695
1387,5.2422308921813965,5.268423080444336
1388,5.219176769256592,5.2012224197387695
1389,4.943436145782471,4.65012264251709
1391,5.188894271850586,5.142911911010742
1392,5.1956610679626465,5.27733850479126
1393,5.221617221832275,5.246221542358398
1394,4.490335464477539,4.01394510269165
1395,5.175787925720215,5.121250152587891
1396,5.148684978485107,4.997550010681152
1397,4.418093204498291,4.006624698638916
1398,5.173272609710693,5.084568023681641
1399,4.404428958892822,4.500367164611816
1402,4.44291877746582,3.958277702331543
1403,5.169052600860596,5.057384490966797
1406,4.532329082489014,4.087648868560791
1407,4.875894546508789,4.557045936584473
1408,4.863816738128662,4.585835933685303
1409,5.204890727996826,5.150773048400879
1412,5.195577144622803,5.328126907348633
1413,5.198330879211426,5.221249580383301
1414,4.548547267913818,4.681927680969238
1415,5.204360485076904,5.2201385498046875
1416,4.635620594024658,4.219566345214844
1417,4.896336555480957,4.573683738708496
1419,4.771651268005371,4.466551780700684
1420,4.384344577789307,3.9285075664520264
1421,4.423707485198975,3.942563056945801
1422,4.718959331512451,4.332731246948242
1423,5.191498279571533,5.219158172607422
1427,5.246939182281494,5.181318283081055
1428,3.735553741455078,3.9772469997406006
1431,4.854536533355713,4.506153106689453
1432,5.195873737335205,5.312117099761963
1434,4.996217250823975,4.750152587890625
1436,5.0956902503967285,4.923037528991699
1437,4.598978042602539,4.161371231079102
1438,4.949776649475098,4.658413887023926
1439,4.699957370758057,4.274089336395264
1441,5.024143695831299,4.804849147796631
1442,4.066287994384766,3.9435737133026123
1443,4.747419834136963,4.363372325897217
1445,4.886880874633789,4.556867599487305
1447,4.550537586212158,4.367062568664551
1448,4.373300552368164,4.26011848449707
1449,4.478195667266846,4.4328508377075195
1450,4.935225009918213,4.654369354248047
1451,4.7645697593688965,4.37703800201416
1453,4.737098217010498,4.426765441894531
1454,4.666032314300537,4.345536708831787
1455,4.2821221351623535,3.8112876415252686
1456,5.225134372711182,5.154609680175781
1457,5.174245834350586,5.09238338470459
1458,4.6101460456848145,4.165798187255859
1459,5.101472854614258,4.945117950439453
1460,5.165074825286865,5.100780487060547
1463,4.865203380584717,4.544466972351074
1466,5.013803482055664,4.780621528625488
1467,5.174304008483887,5.311738014221191
1468,5.013270378112793,4.7679667472839355
1469,4.908791542053223,4.6162004470825195
1471,5.193699359893799,5.180763244628906
1472,5.06580114364624,4.860783576965332
1475,4.954410552978516,4.6783246994018555
1476,4.766105651855469,4.435978889465332
1477,5.1652512550354,5.035594463348389
1479,4.809398651123047,4.443814277648926
1480,5.190184593200684,5.214535236358643
1482,4.497166156768799,4.292189598083496
1484,4.549861431121826,4.136408805847168
1485,5.190706253051758,5.21897554397583
1486,4.45346736907959,4.081414222717285
1488,4.698501110076904,4.296391010284424
1489,5.055334091186523,4.870843410491943
1490,4.737207889556885,4.391432285308838
1493,4.802644729614258,4.431845664978027
1494,4.694393634796143,4.414318084716797
1495,4.597886085510254,4.144185543060303
1497,4.776322841644287,4.551540374755859
1500,4.297891139984131,3.820436954498291
1503,5.104940891265869,4.91801643371582
1505,4.933201789855957,4.686156749725342
1507,4.712512493133545,5.064828395843506
1509,4.732541561126709,4.321186542510986
1510,4.82612419128418,4.463364601135254
1511,5.053889274597168,4.845390319824219
1512,5.119672775268555,4.961274147033691
1514,4.9813618659973145,5.090076446533203
1516,4.853561878204346,4.791975498199463
1518,5.127753257751465,4.955547332763672
1519,4.8192291259765625,4.516446590423584
1521,5.002853870391846,4.832335472106934
1522,5.185261249542236,5.081326007843018
1523,4.769635200500488,4.6845269203186035
1524,5.155406475067139,5.383051872253418
1527,5.2131476402282715,5.1181159019470215
1528,4.485714912414551,4.023365497589111
1529,5.173973560333252,5.055391311645508
1531,4.655532360076904,4.338075160980225
1532,4.603302478790283,4.656453609466553
1533,5.0775322914123535,4.876094818115234
1534,5.105454921722412,4.9174604415893555
1536,4.220061779022217,4.009458065032959
1538,4.755077838897705,4.588745594024658
1539,5.231863975524902,5.520106792449951
1540,4.7483744621276855,4.830112457275391
1542,5.201079368591309,5.271440505981445
1543,5.24323034286499,5.253017425537109
1544,4.632359981536865,4.613036632537842
1545,5.004008769989014,4.788341522216797
1546,4.366507053375244,3.948352336883545
1547,4.710659503936768,4.37287712097168
1548,4.747211933135986,4.46046257019043
1549,5.2158589363098145,5.466285228729248
1550,3.927698850631714,3.6741788387298584
1551,4.984433650970459,4.722845077514648
1552,5.256897449493408,5.219155788421631
1553,4.765603542327881,4.4659013748168945
1555,5.215768337249756,5.151310920715332
1556,5.142061710357666,4.999702453613281
1557,5.227685928344727,5.171372413635254
1558,4.99141788482666,4.7736053466796875
1559,4.951600551605225,4.668222904205322
1560,4.571952819824219,4.252004623413086
1562,5.186435699462891,5.2807745933532715
1563,5.233476161956787,5.531776428222656
1564,4.691446781158447,4.353645324707031
1565,5.214100360870361,5.137692928314209
1567,5.2470622062683105,5.1867451667785645
1569,5.1616530418396,5.070350646972656
1570,4.7930731773376465,4.773251056671143
1571,5.03122091293335,4.804314613342285
1572,5.096765995025635,5.304666519165039
1574,5.184916019439697,5.437273025512695
1575,5.146235942840576,4.986353874206543
1576,4.542104244232178,4.0750603675842285
1577,4.686868667602539,4.623602867126465
1580,5.0729899406433105,4.881176471710205
1581,4.637020111083984,4.730481147766113
1582,5.1801838874816895,5.303342819213867
1585,4.958387851715088,4.7044267654418945
1586,5.019320964813232,4.811716079711914
1587,5.012884616851807,4.979125022888184
1588,4.9288763999938965,5.15086555480957
1589,5.034206867218018,4.818114757537842
1590,4.567235946655273,4.55557918548584
1592,4.778886795043945,4.4385528564453125
1593,4.463197231292725,4.160889148712158
1594,4.704440593719482,4.306329727172852
1595,5.239944934844971,5.278264045715332
1596,5.2497172355651855,5.2751593589782715
1597,4.876134395599365,4.56319522857666
1598,5.089196681976318,4.92356538772583
1599,5.112685680389404,4.952541828155518
1600,4.748087406158447,5.011788845062256
1601,4.748018741607666,4.621476650238037
1602,4.760978698730469,4.366800785064697
1603,5.207767009735107,5.309303283691406
1604,5.0030999183654785,4.747259140014648
1605,4.602920055389404,4.4351677894592285
1606,4.946755886077881,4.679568767547607
1607,4.838903903961182,4.657920837402344
1608,5.00919771194458,4.783535957336426
1609,5.044836521148682,4.8546648025512695
1611,5.191568851470947,5.211541652679443
1612,4.710567951202393,4.369650840759277
1613,4.823084354400635,4.521930694580078
1614,4.955347061157227,4.709712505340576
1615,4.951278209686279,4.706585884094238
1617,5.288290500640869,5.435105323791504
1619,5.1929707527160645,5.076076507568359
1621,5.180743217468262,5.155081272125244
1623,4.866531848907471,4.715209007263184
1624,4.968745708465576,4.689259052276611
1625,4.907956600189209,4.609092712402344
1627,4.373989582061768,4.034140586853027
1628,4.042037010192871,4.2045793533325195
1629,5.092660903930664,4.928368091583252
1633,5.1984429359436035,5.177404403686523
1634,4.69706392288208,4.297865390777588
1635,4.678107738494873,4.447455406188965
1637,5.108565807342529,4.935966968536377
1638,4.494422435760498,4.163534641265869
1639,4.378976345062256,4.158843040466309
1640,5.152318477630615,5.050266265869141
1644,4.996678829193115,4.743448257446289
1645,4.748898983001709,4.648510932922363
1646,5.258802890777588,5.207667350769043
1647,4.958343029022217,4.70376443862915
1649,5.162283420562744,5.043038368225098
1650,5.172660827636719,5.055803298950195
1651,5.19060754776001,5.094372749328613
1653,4.738898277282715,4.392810821533203
1654,4.715871334075928,4.3726725578308105
1655,5.203680038452148,5.23333740234375
1656,4.311520576477051,3.8164477348327637
1657,5.018649578094482,4.809547424316406
1659,4.832320690155029,5.032978534698486
1660,5.179170608520508,5.050998210906982
1662,4.932428359985352,4.632514953613281
1663,4.79604959487915,4.449926376342773
1664,4.511031627655029,4.064231872558594
1665,4.324560642242432,3.967194080352783
1666,4.73307466506958,4.344313621520996
1667,4.95965051651001,4.762168884277344
1669,4.507223606109619,4.19192361831665
1672,5.195047378540039,5.204999923706055
1673,5.045039176940918,4.852404594421387
1674,5.180290699005127,5.137381076812744
1675,4.953099250793457,4.7255377769470215
1676,5.1331610679626465,5.1207780838012695
1677,5.075727939605713,4.981772422790527
1678,4.903869152069092,4.600838661193848
1679,5.138624668121338,4.993697166442871
1680,5.067234039306641,4.886572360992432
1681,4.575089931488037,4.2225799560546875
1682,5.058979034423828,4.887237071990967
1683,5.1035542488098145,4.947139739990234
1685,4.6463141441345215,4.2101731300354
1686,4.152904987335205,3.7710084915161133
1687,4.437394142150879,4.457866668701172
1688,4.693571090698242,4.300776481628418
1689,5.2584757804870605,5.250393867492676
1690,4.670126438140869,4.269468784332275
1691,4.885911464691162,4.576141357421875
1692,4.365387916564941,3.9790518283843994
1695,5.042560577392578,4.84492301940918
1696,4.349568843841553,3.9074909687042236
1697,5.064202785491943,4.88364839553833
1699,5.143365859985352,5.025504112243652
1700,5.138216495513916,5.339529037475586
1701,3.7851388454437256,3.774289608001709
1702,3.2808644771575928,3.5873284339904785
1703,5.017249584197998,4.798479080200195
1704,4.674227714538574,4.603091239929199
1706,4.631429195404053,4.316707611083984
1707,4.344940662384033,3.8430588245391846
1708,4.394787788391113,4.095786094665527
1709,5.181643009185791,5.106536388397217
1711,5.034905910491943,4.8513898849487305
1712,4.608109474182129,4.695548057556152
1716,5.149380683898926,4.991977691650391
1717,4.181938648223877,3.7104549407958984
1718,5.204972743988037,5.138524055480957
1719,4.8866400718688965,4.630640983581543
1720,4.617372989654541,4.191193580627441
1721,3.946622610092163,3.8804545402526855
1722,4.750922679901123,4.3472819328308105
1724,4.214989185333252,3.733217239379883
1725,4.901734828948975,4.5998735427856445
1726,4.6206817626953125,4.326694965362549
1727,4.986335277557373,4.726736068725586
1728,4.53515100479126,4.104076385498047
1730,5.235280513763428,5.231418609619141
1732,4.611068248748779,4.31916618347168
1734,4.807777404785156,4.653122901916504
1735,4.569996356964111,4.367478847503662
1737,3.9990432262420654,3.6171350479125977
1739,3.9673662185668945,3.6159725189208984
1740,4.946956157684326,4.678055286407471
1741,5.228847026824951,5.217528343200684
1742,5.025805473327637,4.814571380615234
1743,4.779775619506836,4.40047550201416
1744,4.720461368560791,4.52983283996582
1745,4.9960784912109375,4.746910572052002
1748,4.765824794769287,4.616255760192871
1749,5.249649524688721,5.251072406768799
1750,4.4797043800354,4.434255599975586
1752,4.941651821136475,4.647010326385498
1754,4.656637668609619,4.304398536682129
1756,4.669331073760986,4.2612457275390625
1757,4.244596004486084,4.139378547668457
1758,4.766977787017822,4.522357940673828
1759,4.217215061187744,4.164238452911377
1763,5.003725051879883,4.747685432434082
1764,4.153028964996338,4.046008586883545
1765,4.762120723724365,4.458478927612305
1766,4.5923686027526855,4.16263484954834
1769,5.181118488311768,5.066779136657715
1772,4.369448184967041,3.890707015991211
1774,4.652663230895996,4.510859489440918
1775,3.7956342697143555,3.544199228286743
1778,3.5869204998016357,3.6026828289031982
1779,4.038984298706055,3.630308151245117
1780,4.382527828216553,3.9080796241760254
1781,3.803093194961548,4.037569522857666
1783,4.631353378295898,4.209541320800781
1785,5.244669437408447,5.16616678237915
1786,4.288063049316406,4.366837501525879
1789,4.936559200286865,4.641697883605957
1790,3.9884274005889893,4.047965049743652
1792,5.194043159484863,5.071512222290039
1793,5.212949275970459,5.254708290100098
1794,5.068665504455566,4.891069412231445
1795,4.559584617614746,4.131546497344971
1796,5.173901557922363,5.096696853637695
1797,4.316192626953125,3.805896282196045
1799,5.041652202606201,4.820613861083984
1800,4.466882228851318,4.597013473510742
1801,4.8542609214782715,4.55394172668457
1802,4.463136196136475,4.284161567687988
1803,5.2015533447265625,5.268828392028809
1804,5.197378635406494,5.105129241943359
1806,5.2418904304504395,5.174949645996094
1808,4.968947887420654,4.6983513832092285
1809,5.031058311462402,4.832931995391846
1810,3.393115997314453,3.5601143836975098
1811,5.11336088180542,4.9633026123046875
1812,5.010678768157959,4.795433044433594
1813,4.938292980194092,4.641739368438721
1816,5.024692058563232,4.801701545715332
1817,5.250061511993408,5.2324066162109375
1818,5.09093713760376,4.928063869476318
1819,4.814124584197998,4.538886547088623
1820,4.908134937286377,4.654132843017578
1821,5.253489971160889,5.254955291748047
1822,4.707986354827881,4.308596611022949
1823,5.195104122161865,5.145207405090332
1824,4.737968444824219,4.620802879333496
1827,5.193507671356201,5.188260078430176
1828,5.121262073516846,4.983619689941406
1829,5.144529819488525,5.012321472167969
1830,5.1744489669799805,5.138154983520508
1831,5.205317974090576,5.254752159118652
1833,4.947795391082764,4.6582865715026855
1834,5.185223579406738,5.297374725341797
1835,5.2216267585754395,5.253300666809082
1836,4.503678798675537,4.614729881286621
1837,4.660646915435791,4.239682197570801
1839,5.1341729164123535,4.995693683624268
1841,5.060588359832764,4.848488807678223
1842,5.18452787399292,5.121589660644531
1843,5.022891521453857,4.80103063583374
1845,5.222561359405518,5.126218795776367
1846,4.857066631317139,4.7768754959106445
1847,3.8866546154022217,3.744006633758545
1848,5.132902145385742,4.990704536437988
1849,4.9997687339782715,4.7407426834106445
1850,5.182627201080322,5.174273490905762
1851,4.649142742156982,4.401625633239746
1854,5.044426441192627,4.845112323760986
1855,4.758569240570068,4.480947971343994
1856,5.250722408294678,5.525922775268555
1857,5.006575107574463,4.788344383239746
1858,4.954197406768799,4.724580764770508
1860,4.884591102600098,4.641388893127441
1861,5.037816524505615,4.847362518310547
1862,5.1788763999938965,5.043541431427002
1863,4.712243556976318,4.4053497314453125
1864,5.113523960113525,4.962754249572754
1865,4.789026260375977,4.5951385498046875
1866,5.003794193267822,4.747637748718262
1867,5.053918361663818,4.834236145019531
1868,5.257008075714111,5.210491180419922
1870,4.554208278656006,4.245718479156494
1871,4.93949031829834,4.6535725593566895
1873,5.172883987426758,5.093018531799316
1874,5.1896538734436035,5.169338226318359
1875,4.402860164642334,4.502440929412842
1877,4.892816543579102,4.590877532958984
1880,4.578517436981201,4.12394380569458
1881,4.926693439483643,4.6810784339904785
1884,5.158055305480957,5.066646575927734
1885,4.44485330581665,3.9799230098724365
1887,5.109787940979004,4.957692623138428
1889,5.188580513000488,5.227297782897949
1890,5.057921886444092,4.913977146148682
1892,5.013424396514893,4.773591041564941
1893,4.5287299156188965,4.207767486572266
1894,4.750997066497803,4.3465375900268555
1895,5.112477779388428,4.959555149078369
1896,5.181361198425293,5.129016876220703
1897,4.758381366729736,4.370591163635254
1899,4.637313365936279,4.199270725250244
1901,4.752243995666504,4.439548969268799
1902,5.191099643707275,5.2924017906188965
1903,5.196900844573975,5.088150978088379
1904,5.176033973693848,5.138901233673096
1905,5.14488410949707,5.017640590667725
1906,4.840484142303467,4.500823020935059
1911,5.033912658691406,4.824527263641357
1913,4.88962984085083,4.614987373352051
1915,5.202009677886963,5.150504112243652
1916,5.19710111618042,5.130575656890869
1920,5.072684288024902,4.9342451095581055
1922,4.9947123527526855,4.745059967041016
1923,4.8718061447143555,4.931414604187012
1924,5.160706996917725,5.03914213180542
1925,4.678266525268555,4.272939682006836
1926,5.041598796844482,4.847243309020996
1927,5.140819072723389,5.007730960845947
1931,5.203392505645752,5.095879554748535
1934,3.9538159370422363,3.6503772735595703
1936,5.599420070648193,5.209531784057617
1938,5.192534446716309,5.302066802978516
1941,5.197468280792236,5.289218425750732
1942,5.1830525398254395,5.070105075836182
1943,5.1866278648376465,5.057361602783203
1945,4.926612854003906,4.621158599853516
1948,5.14570426940918,5.353604793548584
1949,3.6865689754486084,3.6633400917053223
1950,4.813222408294678,4.552386283874512
1951,5.187918186187744,5.252468585968018
1952,4.820164680480957,4.479347229003906
1953,5.08903694152832,4.913602828979492
1954,5.237301349639893,5.261804580688477
1955,5.113011360168457,5.022906303405762
1956,4.801476001739502,4.475763320922852
1957,5.180420398712158,5.170896530151367
1958,5.005762577056885,4.774781227111816
1959,4.879339218139648,4.603135585784912
1963,4.7589030265808105,4.483308792114258
1964,5.16431188583374,5.074983596801758
1966,4.74570369720459,4.403507232666016
1967,5.186233997344971,5.160977363586426
1969,5.249709606170654,5.426551818847656
1970,5.135611057281494,4.998027324676514
1972,4.7940354347229,4.429680824279785
1973,5.167787551879883,5.122017860412598
1974,5.199386119842529,5.209226131439209
1975,5.161403179168701,5.028965473175049
1976,5.085370063781738,4.890361785888672
1977,5.195453643798828,5.192593574523926
1978,5.143654823303223,5.009150505065918
1983,5.213686943054199,5.1656060218811035
1984,4.5926833152771,4.174829483032227
1985,5.242956638336182,5.263558387756348
1986,5.210319995880127,5.30501651763916
1989,4.48751163482666,4.672245979309082
1991,5.239066123962402,5.269209861755371
1992,5.165201187133789,5.066882133483887
1995,5.190640449523926,5.091634273529053
1996,5.1897196769714355,5.226137638092041
1997,5.187183856964111,5.228058815002441
1998,5.03580904006958,4.800968170166016
1999,5.090561866760254,4.9173264503479
2001,5.191011428833008,5.288253307342529
2002,5.263186931610107,5.5792999267578125
2003,4.398209095001221,4.644195556640625
2004,4.6634392738342285,4.840588092803955
2006,4.61810827255249,4.304974555969238
2008,5.062077045440674,5.15898323059082
2009,4.702019214630127,4.622501373291016
2010,3.5519144535064697,3.4719080924987793
2011,5.205279350280762,5.352862358093262
2012,4.5518999099731445,4.5446271896362305
2014,4.700435161590576,4.496601581573486
2015,4.791412353515625,4.8856120109558105
2017,4.690853595733643,4.447446346282959
2018,4.764170169830322,4.39804744720459
2019,4.148948669433594,3.694981575012207
2023,5.102149486541748,5.238758087158203
2024,4.998577117919922,5.057905197143555
2026,5.251098155975342,5.348667621612549
2027,5.531408786773682,5.652314186096191
2028,4.748337268829346,4.573367118835449
2029,5.202497959136963,5.294983863830566
2030,5.306375980377197,5.650729656219482
2031,4.93860387802124,4.965517520904541
2032,4.766963481903076,4.725542068481445
2034,4.689305782318115,4.549139022827148
2035,5.301123142242432,5.388279914855957
2036,5.156714916229248,5.291016578674316
2037,4.821637153625488,4.670461654663086
2038,5.391478061676025,5.512686252593994
2040,5.204049110412598,5.301189422607422
2041,5.031101703643799,5.082167625427246
2042,4.982057571411133,4.94905948638916
2043,5.2439284324646,5.179628372192383
2047,5.0309624671936035,4.9812421798706055
2048,4.253782749176025,3.869202136993408
2049,4.699914455413818,4.924795627593994
2051,5.588504314422607,5.044588088989258
2054,4.847428798675537,4.853953838348389
2055,5.205633163452148,5.311448097229004
2056,4.6034955978393555,4.5068254470825195
2057,5.258443355560303,5.391042709350586
2058,5.221887111663818,5.238692283630371
5,5.22206449508667,5.374908447265625
7,5.729213237762451,5.185515880584717
8,4.930069923400879,4.990270614624023
31,4.936277866363525,4.9547295570373535
39,5.362349987030029,5.457888603210449
56,5.625129222869873,5.096947193145752
58,5.272176742553711,5.34973669052124
60,4.886303424835205,4.772319793701172
91,3.9005322456359863,4.044014930725098
102,5.381303310394287,5.459938049316406
120,3.7936248779296875,3.731050968170166
122,6.025833606719971,4.914741516113281
131,4.806482791900635,4.848176956176758
133,5.1669840812683105,5.280085563659668
144,4.591421604156494,4.399836540222168
158,3.70202898979187,3.887434959411621
162,4.811394214630127,4.451694488525391
174,4.96406888961792,4.915887832641602
182,3.4556868076324463,3.553579807281494
184,4.764523983001709,4.718360900878906
189,5.346160411834717,5.4517903327941895
193,5.263685703277588,5.427002429962158
212,4.606899738311768,4.499163627624512
225,4.729653835296631,4.725299835205078
269,5.2932000160217285,5.410865783691406
275,5.3511810302734375,5.4862775802612305
279,4.78351354598999,4.7003583908081055
303,5.297534942626953,5.456723213195801
305,4.603695869445801,4.347214221954346
311,4.735241413116455,4.760549068450928
315,4.824056148529053,4.643980503082275
327,5.038705348968506,5.082252502441406
332,5.6659369468688965,5.258213043212891
333,4.969301700592041,4.896046161651611
334,5.138884544372559,5.345146179199219
336,5.274098873138428,5.412631034851074
346,5.745809078216553,5.311470031738281
347,5.105762958526611,5.577314853668213
348,5.305696964263916,5.461572647094727
367,4.375820636749268,4.3055419921875
375,4.742487907409668,4.933853626251221
403,5.006614685058594,5.039763450622559
404,5.196521282196045,5.577058792114258
405,5.4636430740356445,5.393221855163574
426,5.536268711090088,5.072447776794434
436,5.412185192108154,5.54770565032959
451,5.247575759887695,5.420853614807129
456,5.350721836090088,5.511401176452637
485,4.945864677429199,4.931063652038574
487,5.257023334503174,5.464057922363281
498,5.126068592071533,5.276327133178711
501,4.568637371063232,4.462888717651367
502,5.1813063621521,5.323855400085449
507,4.706183433532715,4.916851997375488
540,5.016355991363525,5.139638900756836
556,4.610246181488037,4.771749496459961
564,5.2363481521606445,5.344779968261719
577,4.4835028648376465,4.44153356552124
579,4.931396007537842,4.978387832641602
582,5.280379772186279,5.452907562255859
591,5.223002910614014,5.392085075378418
594,4.986162185668945,5.056331634521484
605,5.131933689117432,5.318819999694824
606,5.175652027130127,5.316012382507324
608,4.6912407875061035,4.436890602111816
622,5.05935525894165,5.083617687225342
646,4.931909084320068,5.14914083480835
647,5.20458459854126,5.342358589172363
656,3.4859702587127686,3.5236306190490723
663,4.721654415130615,4.867147922515869
666,4.893091678619385,4.931552886962891
682,4.95587682723999,5.286947727203369
690,4.521787643432617,4.432196617126465
695,4.566775798797607,4.427350044250488
706,4.7534661293029785,4.769351482391357
721,5.132274150848389,5.292454719543457
726,4.835930347442627,4.919705390930176
728,5.221381664276123,5.3672637939453125
729,4.564291477203369,4.677391529083252
730,4.60919713973999,4.740790367126465
732,4.598857879638672,4.934425354003906
741,4.588381290435791,4.694301128387451
750,3.2724525928497314,3.433844566345215
763,5.2698073387146,5.429579734802246
784,3.756941080093384,3.598649024963379
794,4.930403709411621,5.0807952880859375
798,5.078957557678223,5.288172721862793
799,5.3701910972595215,5.509626388549805
807,5.219602108001709,5.388335704803467
819,5.041885852813721,5.142343997955322
826,4.893757343292236,4.878150463104248
880,5.493338108062744,5.183294296264648
884,5.34479284286499,5.502367973327637
889,5.686822414398193,5.240049362182617
926,5.324172496795654,5.498383045196533
931,5.421996593475342,5.545481204986572
934,5.860416412353516,4.990311145782471
945,4.641844272613525,4.5839948654174805
954,5.275211334228516,5.490666389465332
976,6.23128080368042,4.768281936645508
978,5.446275234222412,5.277864456176758
980,5.781984806060791,5.281723976135254
988,4.713068008422852,4.821225166320801
991,4.469919204711914,4.525108337402344
1004,5.165433406829834,5.0733489990234375
1006,4.1444315910339355,4.159607887268066
1010,3.830500364303589,4.0031023025512695
1011,3.5990853309631348,3.6354331970214844
1016,3.3770546913146973,3.6403427124023438
1029,4.895050048828125,4.592296600341797
1038,5.245510101318359,5.178499221801758
1040,4.673552989959717,4.268103122711182
1047,4.531589984893799,4.085558891296387
1050,5.071969032287598,4.893987655639648
1052,5.24010705947876,5.197378158569336
1055,5.218118667602539,5.374127388000488
1056,4.85709810256958,4.562135219573975
1059,5.2064337730407715,5.320918083190918
1060,5.196224689483643,5.131100177764893
1066,4.551855564117432,4.6148552894592285
1070,4.501180171966553,4.661477565765381
1071,4.484399318695068,4.1763176918029785
1081,4.4824910163879395,4.194490909576416
1090,4.907813549041748,4.809317588806152
1104,4.771862983703613,4.3789567947387695
1106,4.974907398223877,4.752363681793213
1111,4.648589611053467,4.306163787841797
1119,3.5221118927001953,3.621959686279297
1120,4.124096870422363,3.7586469650268555
1132,3.6307361125946045,3.586151361465454
1135,4.179284572601318,3.8272604942321777
1140,5.2219977378845215,5.300307750701904
1144,5.130582809448242,4.988854885101318
1157,4.998569965362549,4.7483930587768555
1158,4.86661958694458,4.5431437492370605
1165,4.196844100952148,4.18306303024292
1167,3.578474760055542,3.7779555320739746
1173,4.385222911834717,4.596714019775391
1176,4.064281463623047,3.7195491790771484
1180,4.785593509674072,4.444720268249512
1189,4.202541828155518,3.8129515647888184
1196,3.515928030014038,3.6793549060821533
1209,4.898724555969238,4.6341729164123535
1214,4.998189449310303,4.765286922454834
1216,5.155710220336914,5.017711639404297
1230,4.39779806137085,3.9953184127807617
1237,4.339118003845215,3.8270373344421387
1242,5.221283435821533,5.157181739807129
1256,5.169861793518066,5.084646701812744
1265,5.047804355621338,4.855813980102539
1266,5.197643280029297,5.267726898193359
1272,4.699909687042236,4.298634052276611
1275,5.236586093902588,5.180087089538574
1300,4.936913013458252,4.674304485321045
1301,4.279716968536377,4.060000419616699
1303,5.185488700866699,5.063654899597168
1317,5.208419322967529,5.253422737121582
1318,5.132401466369629,5.352908134460449
1332,4.868018627166748,4.736537933349609
1336,5.1666340827941895,5.058314800262451
1346,4.932801723480225,4.633406162261963
1363,5.091936111450195,4.928078651428223
1364,5.242846488952637,5.4376678466796875
1367,5.224394798278809,5.241756439208984
1369,5.214595317840576,5.258729457855225
1390,4.763477802276611,4.395469665527344
1411,5.2006916999816895,5.1868391036987305
1424,5.197519779205322,5.251293182373047
1425,5.186686038970947,5.092231273651123
1426,5.171058177947998,5.047410011291504
1429,3.566448450088501,3.501955032348633
1433,4.710134029388428,4.38169002532959
1435,5.1946563720703125,5.241293907165527
1440,5.226841926574707,5.304657936096191
1444,4.993136882781982,4.737008571624756
1446,4.7704010009765625,4.421569347381592
1452,4.505479335784912,4.182797431945801
1461,5.1705322265625,5.068185806274414
1462,5.2158122062683105,5.2416534423828125
1464,4.957633972167969,4.68882942199707
1465,5.187562465667725,5.064497470855713
1470,5.169161796569824,5.051198482513428
1478,4.829524517059326,4.5742082595825195
1481,4.880058765411377,4.604235649108887
1487,5.183651447296143,5.065080642700195
1492,4.762110710144043,4.3678975105285645
1499,4.690887928009033,4.2812042236328125
1502,5.1520094871521,4.998567581176758
1504,5.254034519195557,5.244440078735352
1506,4.4367995262146,3.9486255645751953
1508,4.455455303192139,4.434274673461914
1513,5.146273136138916,5.004277229309082
1515,5.0148749351501465,4.801522254943848
1537,4.159355640411377,4.737389087677002
1554,4.735485076904297,4.728402137756348
1566,3.8147854804992676,3.8838534355163574
1568,5.257199764251709,5.241217613220215
1578,5.003876686096191,4.750777244567871
1579,4.93897008895874,4.640887260437012
1584,4.966116428375244,4.694847106933594
1591,5.188973903656006,5.175081253051758
1610,5.05634069442749,4.863205909729004
1616,4.667421817779541,4.430731773376465
1626,4.582233905792236,4.155454158782959
1631,4.767625331878662,4.392080307006836
1642,5.189725399017334,5.315031051635742
1643,5.037954807281494,4.835080146789551
1648,4.372880458831787,4.075243949890137
1658,4.740372180938721,4.405186176300049
1705,4.888242721557617,4.5756425857543945
1714,4.998416900634766,4.773364067077637
1729,5.191498756408691,5.176812171936035
1731,4.779383182525635,4.391864776611328
1746,4.656566619873047,4.420105934143066
1747,4.501806259155273,4.0384087562561035
1751,4.488242149353027,4.218936920166016
1753,4.715402126312256,4.480909824371338
1760,4.517806529998779,4.244032859802246
1762,4.9847493171691895,4.771831512451172
1767,3.5378670692443848,3.572235584259033
1770,3.608717441558838,3.6061408519744873
1777,4.664012432098389,4.249636173248291
1782,5.209656238555908,5.329141616821289
1784,4.642268657684326,4.276283264160156
1787,5.103697299957275,4.922240734100342
1788,5.02936315536499,4.826028347015381
1791,4.697982311248779,4.348400115966797
1805,4.87948751449585,4.588161945343018
1826,4.773083209991455,4.410401821136475
1838,5.16120719909668,5.049626350402832
1840,5.205488204956055,5.36168909072876
1852,4.948902606964111,4.693732738494873
1853,4.613414764404297,4.45775032043457
1859,4.128638744354248,3.805307149887085
1876,5.145466327667236,4.985287666320801
1879,5.171375751495361,5.089670181274414
1882,5.107303619384766,4.954453468322754
1883,5.010389804840088,4.772518157958984
1886,4.935765743255615,4.66009521484375
1900,5.164549827575684,5.0467729568481445
1907,5.214634418487549,5.313738822937012
1909,5.194860935211182,5.287982940673828
1910,4.895361423492432,4.574504375457764
1912,4.92102575302124,4.661768913269043
1914,5.171956539154053,5.065764427185059
1917,5.045791149139404,4.8562517166137695
1918,4.255212783813477,3.7552011013031006
1921,5.219115257263184,5.158492565155029
1930,5.234229564666748,5.22763729095459
1932,5.195417881011963,5.090136528015137
1933,5.181076526641846,5.196352958679199
1939,5.190669059753418,5.333892822265625
1940,5.1789774894714355,5.153739929199219
1947,5.186334609985352,5.3137030601501465
1960,5.114534378051758,4.9695892333984375
1962,5.227392673492432,5.128044605255127
1971,5.201369762420654,5.328533172607422
1980,4.419477939605713,3.941866397857666
1982,5.030797481536865,4.8221635818481445
1987,5.032252788543701,4.806296348571777
1988,4.755852222442627,4.430010795593262
1990,4.655792713165283,4.464339733123779
2000,5.052110195159912,4.836775779724121
2007,5.050108909606934,5.30921745300293
2020,3.9924087524414062,3.6097710132598877
2022,4.844501495361328,4.922268867492676
2033,5.463868618011475,5.128609657287598
2039,4.446406364440918,4.091890335083008
2044,5.065293788909912,5.398633003234863
2045,3.282280445098877,3.4898014068603516
2050,5.1710638999938965,5.313627243041992
